Liver_risk_score,Bone_risk_score,mean.liver,mean.bone
0.4820691537820098,0.6598159865943188,-4.06809541333169,-4.06809541333169
0.5029920966263604,0.5072519363058362,-2.88941292403706,-4.14875006210561
0.5425850145520366,0.5728990844431172,-4.30184420448949,-4.30184420448949
0.5309415427561069,0.4300688383698727,5.93272722909314,2.88141498609678
0.4178658779512451,0.37291305695784893,-3.96556734293911,-4.17325224637958
0.5998356619573637,0.5957880458390344,0,2.00075198754532
0.5638413341961324,0.5793310630160947,0,0
0.37984574158910556,0.4191255699306241,0,2.47257362696894
0.47820438205950105,0.552444245419904,0,0
0.5176301054140112,0.623390326958343,0,0
0.5280385186323597,0.5928110344296892,-3.99882131778596,-3.99882131778596
0.6048046363452293,0.5876894694870931,0,0
0.4666516053392655,0.4162175976602927,2.26934851970325,0.809991950541829
0.5812920969147264,0.5003262884652343,3.23062344864066,0
0.5905470854543983,0.5286106877479859,1.18286969440021,0
0.5669549847129779,0.6018029622738168,4.3525511231065,3.18085270196014
0.6865021905356432,0.5886924337359174,0,0
0.6301154969338582,0.6039746142112911,3.98309335715357,1.0011604224322
0.6645679980903244,0.6013086680538074,2.97057044896922,0.227982667652866
0.5532509657104739,0.48016963347901637,3.81281025000863,3.41008012236591
0.6291383879392589,0.5761626410299234,3.9690198416923,2.59708760257193
0.4858207041278006,0.5140058776502483,,
0.6024309362636705,0.5871151345575998,4.75455776045958,3.33308226412218
0.5938176198847638,0.6820857380860152,-3.94098153238013,-3.94098153238013
0.5993303069846546,0.596245033050793,2.75577721148421,0.97301991398648
0.6087858258944574,0.6201685070086281,0,0
0.6492132149571465,0.6841899155365673,2.09203040062688,0.60319271975542
0.6637894955405789,0.6344997900012426,2.45630169393083,0
