liver_risk_score,mean.liver
0.4820691537820098,-4.06809541333169
0.5029920966263604,-2.88941292403706
0.5425850145520366,-4.30184420448949
0.5309415427561069,5.93272722909314
0.4178658779512451,-3.96556734293911
0.5998356619573637,0
0.5638413341961324,0
0.37984574158910556,0
0.47820438205950105,0
0.5176301054140112,0
0.5280385186323597,-3.99882131778596
0.6048046363452293,0
0.4666516053392655,2.26934851970325
0.5812920969147264,3.23062344864066
0.5905470854543983,1.18286969440021
0.5669549847129779,4.3525511231065
0.6865021905356432,0
0.6301154969338582,3.98309335715357
0.6645679980903244,2.97057044896922
0.5532509657104739,3.81281025000863
0.6291383879392589,3.9690198416923
0.4858207041278006,
0.6024309362636705,4.75455776045958
0.5938176198847638,-3.94098153238013
0.5993303069846546,2.75577721148421
0.6087858258944574,0
0.6492132149571465,2.09203040062688
0.6637894955405789,2.45630169393083
