bone_risk_score,mean.bone
0.6598159865943188,-4.06809541333169
0.5072519363058362,-4.14875006210561
0.5728990844431172,-4.30184420448949
0.4300688383698727,2.88141498609678
0.37291305695784893,-4.17325224637958
0.5957880458390344,2.00075198754532
0.5793310630160947,0
0.4191255699306241,2.47257362696894
0.552444245419904,0
0.623390326958343,0
0.5928110344296892,-3.99882131778596
0.5876894694870931,0
0.4162175976602927,0.809991950541829
0.5003262884652343,0
0.5286106877479859,0
0.6018029622738168,3.18085270196014
0.5886924337359174,0
0.6039746142112911,1.0011604224322
0.6013086680538074,0.227982667652866
0.48016963347901637,3.41008012236591
0.5761626410299234,2.59708760257193
0.5140058776502483,
0.5871151345575998,3.33308226412218
0.6820857380860152,-3.94098153238013
0.596245033050793,0.97301991398648
0.6201685070086281,0
0.6841899155365673,0.60319271975542
0.6344997900012426,0
