Feature_order,Feature,Retained_in_final_model,Imputation_value
1,HR_status,TRUE,1
2,HER2_status,TRUE,0
3,Age,TRUE,51
4,TP53,TRUE,0
5,PIK3CA,TRUE,0
6,GATA3,TRUE,0
7,MAP3K1,TRUE,0
8,NF1,TRUE,0
9,RYR2,TRUE,0
10,PTEN,TRUE,0
11,ARID1A,TRUE,0
12,KMT2D,TRUE,0
13,USH2A,TRUE,0
14,SPEN,TRUE,0
15,RUNX1,TRUE,0
16,PKD1,TRUE,0
17,CDH1,TRUE,0
18,ERBB2,TRUE,0
19,TBX3,TRUE,0
20,SF3B1,TRUE,0
21,CREBBP,TRUE,0
22,NOTCH1,TRUE,0
23,NOTCH3,TRUE,0
24,MAP2K4,TRUE,0
25,KMT2C,TRUE,0
26,NCOR1,TRUE,0
27,ATRX,TRUE,0
28,NOTCH2,TRUE,0
29,SMARCA4,TRUE,0
30,FASN,TRUE,0
31,BRCA2,TRUE,0
32,ATM,TRUE,0
33,TSC2,TRUE,0
34,KIF26B,TRUE,0
35,ANKRD11,TRUE,0
36,APC,TRUE,0
37,MAP1A,TRUE,0
38,GRIN2A,TRUE,0
39,KDM6A,TRUE,0
40,MAP1B,TRUE,0
41,PTPRD,TRUE,0
42,RB1,TRUE,0
43,ARID1B,TRUE,0
44,CIC,TRUE,0
45,MED23,TRUE,0
46,MTOR,TRUE,0
47,DNMT3A,TRUE,0
48,ATN1,TRUE,0
49,KMT2B,TRUE,0
50,BRCA1,TRUE,0
51,FAM47C,TRUE,0
52,USP9X,TRUE,0
53,KDR,TRUE,0
54,BCOR,TRUE,0
55,PREX2,TRUE,0
56,PRKDC,TRUE,0
57,MAST2,TRUE,0
58,TEP1,TRUE,0
59,SMAD4,TRUE,0
60,CUX1,TRUE,0
61,FGFR4,TRUE,0
62,PTPRN2,TRUE,0
63,ERBB4,TRUE,0
64,EGFR,TRUE,0
65,ROS1,TRUE,0
66,COL1A1,TRUE,0
67,ATP2B2,TRUE,0
68,PALB2,TRUE,0
69,STAG2,TRUE,0
70,ITGB4,TRUE,0
71,NOS3,TRUE,0
72,MEN1,TRUE,0
73,NOS1,TRUE,0
74,FANCD2,TRUE,0
75,TET2,TRUE,0
76,MAP2,TRUE,0
77,RAD50,TRUE,0
78,KCNB2,TRUE,0
79,EPHB1,TRUE,0
80,IRS2,TRUE,0
81,NOS2,TRUE,0
82,CACNA1D,TRUE,0
83,IGF1R,TRUE,0
84,JAK3,TRUE,0
85,ABL1,TRUE,0
86,PLCG1,TRUE,0
87,EPHB4,TRUE,0
88,IRS1,TRUE,0
89,GNAS,TRUE,0
90,INSRR,TRUE,0
91,COL2A1,TRUE,0
92,MAP3K5,TRUE,0
93,POLQ,TRUE,0
94,AKT3_cnv,TRUE,0
95,CCND1_cnv,TRUE,0
96,ERBB2_cnv,TRUE,0
97,FGFR1_cnv,TRUE,0
98,FGFR2_cnv,TRUE,0
99,JAK2_cnv,TRUE,0
100,MYC_cnv,TRUE,0
